timestamp,title,price,original_price,shipping,item_url
2026-03-17 17:32:51,Samsung Galaxy Z TriFold 1TB 16GB Crafted Black SM-F9680 CN Version USA STOCK,"US $4,599.00",N/A,N/A,N/A
2026-03-17 17:32:51,Apple iPhone 4 4s -8GB 16 GB 32GB 64GB - Black/White (Unlocked),US $35.25,N/A,N/A,N/A
2026-03-17 17:32:51,"Huawei P60 Pro 5G Unlocked 48MP 6.67"" Harmony os 12+512GB Google Play",US $360.63,N/A,N/A,N/A
2026-03-17 17:32:51,sealed Huawei honor 9 lite 6+128GB Unlocked google play (Global) Android phone,US $54.54,N/A,N/A,N/A
2026-03-17 17:32:51,"2020 Apple M1 MacBook Air 13.3"" 8GB/512GB - (Space Gray) A2337",US $399.99,N/A,N/A,N/A
2026-03-17 17:32:51,HP Elitebook 840 G7 i7-10510U 1.8GHz 16 GB RAM 512 GB SSD Laptop,US $249.99,N/A,N/A,N/A
2026-03-17 17:32:51,HP EliteBook 840 G5 i5 8Gen. 16GB RAM 256GB SSD,US $169.99,N/A,N/A,N/A
2026-03-17 17:32:51,"Red Fury Panasonic Toughbook CF-31 i5, 16GB, 1TB SSD, TouchScreen, GPS, 4G/LTE",US $575.81,N/A,N/A,N/A
2026-03-17 17:32:51,IR Cut Filter ICF Blue Optical Glass for Leaf Hasselblad Phase One Digital Back,US $20.00,N/A,N/A,N/A
2026-03-17 17:32:51,Hoya 77 mm Filter Filtre Objektivfilter Red Enhancer 77mm NEU #25 L,US $29.60,N/A,N/A,N/A
2026-03-17 17:32:51,Profoto flashtube for D1 High capacity Quartz flash tube 331529 in all D1 ver.,US $129.00,N/A,N/A,N/A
2026-03-17 17:32:51,Viltrox EF-GFX II AF Lens Adapter Canon EF/EF-S Lens to Fujifilm G Mount Cameras,US $129.00,N/A,N/A,N/A
2026-03-17 17:32:51,SPANA viark renovar todo tipo Renovar Servidor iks viark sat deco viark expira,US $59.00,N/A,N/A,N/A
2026-03-17 17:32:51,Van Den Hul D.I.Y 4mm Banana Plugs (Set of 4),US $39.90,N/A,N/A,N/A
2026-03-17 17:32:51,Originale Sony TV Fernbedienung RMF-TX910U,US $45.88,N/A,N/A,N/A
2026-03-17 17:32:51,4K Mini Projector HY300 720P WiFi6 Bluetooth BT5.0 Cinema Portable Home Theaters,US $58.57,US $65.08,N/A,N/A
2026-03-17 17:32:51,Nintendo DSi LL XL DS Console Midnight Blue Tested Japan NTSC-J,US $95.00,N/A,N/A,N/A
2026-03-17 17:32:51,2 - 10.000x Divine Orb - Last of the Druids League Softcore Path of Exile 2,US $1.15,N/A,N/A,N/A
2026-03-17 17:32:51,Nintendo DS Lite Region Free Console – Color / Rank / Charger Options,US $44.99,N/A,N/A,N/A
2026-03-17 17:32:51,ROYAL HIGH 🌸 ALL SETS & ACCESSORIES 💫 – CHEAPEST PRICES! (Read Description),US $10.99,N/A,N/A,N/A
2026-03-17 17:32:51,Genuine / Official Apple USB-C to Lightning Adapter A2868 - White - New,US $22.07,US $38.57,N/A,N/A
2026-03-17 17:32:51,BATTERIE EXTERNE SOLAIRE PORTABLE RECHARGABLE ETANCHE LUMIERE LED POWER BANK USB,US $25.26,N/A,N/A,N/A
2026-03-17 17:32:51,Samsung Galaxy Z Fold 7 Case Clear with MagSafe and Kickstand | Ghostek COVERT,US $39.98,N/A,N/A,N/A
2026-03-17 17:32:51,Genuine / Official Apple iPhone 13 Pro Clear / Transparent Case with MagSafe,US $38.56,US $65.18,N/A,N/A
2026-03-17 17:32:51,4PK XEROX C60/C70 TONER CARTRIDGE CMYK SET 006R01659/60/61/62 .,US $379.05,US $399.00,N/A,N/A
2026-03-17 17:32:51,HP C1Q10A OEM HP 711 Printhead Replacement Kit GENUINE INK CARTRIDGE,US $249.90,N/A,N/A,N/A
2026-03-17 17:32:51,FUJIFILM INSTAX Link Wide Smartphone Printer Ash White,US $159.95,N/A,N/A,N/A
2026-03-17 17:32:51,Original EPSON Tinte Stylus Pro 4800 / T6061 T6062 T6064 T6065 T6067 T606B T606C,US $103.35,N/A,N/A,N/A
2026-03-17 17:32:51,"Apple iPod Nano 1st, 2nd, 3rd, 4th, 5th, 6th & 7th Generation 2GB 4GB 8GB & 16GB",US $31.00,N/A,N/A,N/A
2026-03-17 17:32:51,NEW Apple iPod Classic 5th 6th 7th Generation 128GB 256GB 1TB Gray Silver Modded,US $173.00,N/A,N/A,N/A
2026-03-17 17:32:51,Hard Case for Sony WH-CH720N/WH-XB910N/ULT WEAR/MDR-M1/MDR-MV1/WH-1000XM5 JBL,US $21.27,US $33.24,N/A,N/A
2026-03-17 17:32:51,NEW SEALED Apple iPod Classic 5th 6th 7th 160GB 256GB 1TB SSD New Battery MODDED,US $162.00,N/A,N/A,N/A
2026-03-17 17:32:51,"Apple iPod Nano 1st, 2nd, 3rd, 4th, 5th, 6th & 7th Generation 2GB 4GB 8GB & 16GB",US $31.00,N/A,N/A,N/A
2026-03-17 17:32:51,SPANA viark renovar todo tipo Renovar Servidor iks viark sat deco viark expira,US $59.00,N/A,N/A,N/A
2026-03-17 17:32:51,Van Den Hul D.I.Y 4mm Banana Plugs (Set of 4),US $39.90,N/A,N/A,N/A
2026-03-17 17:32:51,Originale Sony TV Fernbedienung RMF-TX910U,US $45.88,N/A,N/A,N/A
2026-03-17 17:32:51,FOR Apple Pencil Pro Model A2538 MX2D3AM/A - NEW IN BOX,US $31.64,N/A,N/A,N/A
2026-03-17 17:32:51,"Logitech Zone 300 Wireless Bluetooth Headset PC , Mac, Chrome, Linux, iOS Black",US $54.99,N/A,N/A,N/A
2026-03-17 17:32:51,ARTISAN Zero Orange Gaming Mouse Pad Ninja FX XSOFT SOFT MID S M L XL,US $62.00,N/A,N/A,N/A
2026-03-17 17:32:51,Für Xiaomi Redmi Pad Pro 12.1 Kontrast Robot Silikon Hybrid Hülle Blau / Schwarz,US $27.51,N/A,N/A,N/A
2026-03-17 17:32:51,Genuine / Official Samsung Galaxy Watch Ultra Marine Band - Green - New,US $50.53,US $91.78,N/A,N/A
2026-03-17 17:32:51,Samsung Galaxy Z TriFold 1TB 16GB Crafted Black SM-F9680 CN Version USA STOCK,"US $4,599.00",N/A,N/A,N/A
2026-03-17 17:32:51,Genuine / Official Apple USB-C to Lightning Adapter A2868 - White - New,US $22.07,US $38.57,N/A,N/A
2026-03-17 17:32:51,Apple iPhone 4 4s -8GB 16 GB 32GB 64GB - Black/White (Unlocked),US $35.25,N/A,N/A,N/A
2026-03-17 17:32:51,(FOR PARTS) Asus RTX 4090 Tuf Gaming OG GPU (No Core & VRAM) With Box As Is,US $109.00,N/A,N/A,N/A
2026-03-17 17:32:51,Microsoft Windows Server 2022 Standard/Datacenter 64-Bit,US $24.99,N/A,N/A,N/A
2026-03-17 17:32:51,Bitdefender Total Security 2026 | 3 Years | 1-10 Devices | Windows Mac Android,US $49.99,N/A,N/A,N/A
2026-03-17 17:32:51,Amazon New Kindle Scribe Notebook with Premium Pen - Redesigned display (2024),US $379.00,N/A,N/A,N/A
2026-03-17 15:48:02,"Bose Solo Soundbar 2 Home Theater, Certified Refurbished",$93.00,$199.00,N/A,N/A
2026-03-17 15:48:02,eufy SoloCam S3 Solar Wireless Security Camera 360°PTZ 3K Dual-Cam Night Vision,$94.99,$199.99,N/A,N/A
2026-03-17 15:48:02,Apple Pencil (USB-C) - White Stylus MUWA3AM/A with Pixel-Perfect Precision,$51.82,$56.95,N/A,N/A
2026-03-17 15:48:02,eufy SoloCam S340 Outdoor Solar Security Camera 3K Dual-Camera Pan&Tilt 8xZoom,$105.00,$199.99,N/A,N/A
2026-03-17 15:48:02,Soundcore Liberty 4 NC Wireless Earbuds 98.5% Noise Reduction Adaptive ANC 2.0,$44.99,$99.99,N/A,N/A
2026-03-17 15:48:02,JBL Endurance Peak 3 In Ear Wireless Dust and Water Proof Headphones - Black,$56.45,$100.00,N/A,N/A
2026-03-17 15:48:02,Soundcore P30i Wireless Earbuds Smart Noise Cancelling Headphones 2-in-1 Case,$21.99,$49.99,N/A,N/A
2026-03-17 15:48:02,"Soundcore Motion X600 Portable Bluetooth Speaker Wireless Hi-Res Waterproof ,50W",$105.99,$199.99,N/A,N/A
2026-03-17 15:48:02,Epson BrightLink 1485Fi FHD 5000Lumen 3LCD Interactive Classroom Laser Projector,"$1,357.00","$3,099.00",N/A,N/A
2026-03-17 15:48:02,"Samsung QN43LS03FA The Frame 43"" QLED 4K UHD HDR Smart TV – 2025 Model",$525.00,$697.99,N/A,N/A
2026-03-17 15:48:02,eufy SoloCam S220 Wireless Home Security System 2K Outdoor Cameras Solar Powered,$162.00,$379.99,N/A,N/A
2026-03-17 15:48:02,eufy eufyCam 3 Wireless Solar Camera System 4K Outdoor Cam 4pcs Security Cameras,$332.99,$699.99,N/A,N/A
2026-03-17 15:48:02,Samsung Galaxy Buds 3 Pro AI Wireless Active Noise Cancelling Earbuds - Silver,$106.95,$150.00,N/A,N/A
2026-03-17 15:48:02,Apple AirPods Pro 2nd Generation Gen 2 2023 A2968 with Magsafe USB-C Charging,$144.95,$250.00,N/A,N/A
2026-03-17 15:48:02,"eufy Security eufyCam S3 Pro Add-on Camera with Solar Panel, Outdoor Wireless 4K",$152.00,$169.99,N/A,N/A
2026-03-17 15:48:02,"Pioneer DMH-W3000NEX 6.8"" Touchscreen Apple CarPlay Android Auto Receiver",$279.00,$399.99,N/A,N/A
2026-03-17 15:48:02,LG 55 inch OLED evo G5 4K UHD Smart TV + Wall Mount – 2025 Model – OLED55G5WUA,"$1,309.00","$1,796.99",N/A,N/A
2026-03-17 15:48:02,JBL Boombox 3 Portable Waterproof Bluetooth Speaker - Black,$282.00,$499.95,N/A,N/A
2026-03-17 15:48:02,Anker Soundcore 2 Wireless Bluetooth Speaker Bass Dual-Driver IPX7 12W|Refurbish,$22.99,$44.99,N/A,N/A
2026-03-17 15:48:02,Soundcore Liberty 4 Pro Wireless Earbuds Noise Cancelling 7-Sensor ANC|Refurbish,$71.99,$129.99,N/A,N/A
2026-03-17 15:48:02,Soundcore V20i Open-Ear Headphones Bassup Bluetooth5.4 Earbuds for Sport Fitness,$20.69,$39.99,N/A,N/A
2026-03-17 15:48:02,Apple AirPods Pro 3 (3rd Gen) Magsafe USB-C Charging Case Replacement A3122,$60.90,$250.00,N/A,N/A
2026-03-17 15:48:02,"JBL JBLPBOTGESAM-Z PARTYBOX ON-THE-GO ESSENTIAL, Black - Certified Refurbished",$227.99,$349.95,N/A,N/A
2026-03-17 15:48:02,"Apple MacBook Pro (16-inch, M1 Pro, 2021) 16GB RAM -512GB SSD - Good",$679.00,N/A,N/A,N/A
2026-03-17 15:48:02,Soundcore Space One Wireless Headphones 40H ANC Playtime 2XStronger Voice Reduct,$59.99,$99.99,N/A,N/A
2026-03-17 15:48:02,eufy SoloCam E30 2-Cam Kit 2K Solar Camera Outdoor Wireless 360° Pan AI Tracking,$181.00,$229.99,N/A,N/A
2026-03-17 15:48:02,Anker PowerConf S3 Bluetooth Speakerphone Conference Speaker for Meeting |Refurb,$53.99,$99.99,N/A,N/A
2026-03-17 15:48:02,eufy SoloCamE30 2K Wireless Outdoor Solar Cameras 360° Pan AI Tracking 2 Pack,$162.00,$199.99,N/A,N/A
2026-03-17 15:48:02,"Pioneer DMH-WT6000NEX 10.1"" Touchscreen Receiver w/ Wireless CarPlay & Bluetooth",$556.00,$899.99,N/A,N/A
2026-03-17 15:48:02,Cobra CXT385 23-Mile 2-Way Radios Walkie-Talkies - Pair - Refurbished,$18.99,N/A,N/A,N/A
2026-03-17 15:48:02,JBL BAR 700MK2 7.1-Channel 780W Dolby Atmos Soundbar System w/ Subwoofer,$539.00,$899.95,N/A,N/A
2026-03-17 15:48:02,Apple iPhone 15 Pro Max A2849 256GB Unlocked Very Good,$580.32,N/A,N/A,N/A
2026-03-17 15:48:02,"Bose QuietComfort Noise Cancelling Headphones, Certified Refurbished",$187.00,$199.00,N/A,N/A
2026-03-17 15:48:02,"Garmin dezl OTR720 Touchscreen 7"" Trucking GPS Navigator 010-02924-00",$319.99,$449.99,N/A,N/A
2026-03-17 15:48:02,Soundcore Motion X600 Portable Speaker Hi-Res Spatial Audio Waterproof50W|Refurb,$105.99,$199.99,N/A,N/A
2026-03-17 15:48:02,Samsung Galaxy S21 5G 128GB G991U Unlocked - Good,$135.99,N/A,N/A,N/A
2026-03-17 15:48:02,"Acer Aspire AI 14"" Touch Laptop Intel Core Ultra 5 16GB RAM 1TB SSD Refurbished",$371.99,$579.99,N/A,N/A
2026-03-17 15:48:02,Apple iPhone 14 128/256/512GB Unlocked Good All Colors,$251.86,N/A,N/A,N/A
2026-03-17 15:48:02,Samsung Galaxy S23 Ultra 256GB S918U Unlocked - Good,$368.99,N/A,N/A,N/A
2026-03-17 15:48:02,Google Pixel 7a | 7 | 7 Pro - 128GB 256GB 512GB - Unlocked - Smartphone,$189.95,N/A,N/A,N/A
2026-03-17 15:48:02,Samsung Galaxy S21 S991U 5G SM- G991U1 - 128GB - FACTORY UNLOCKED - EXCELLENT,$139.48,N/A,N/A,N/A
2026-03-17 15:48:02,"Lenovo IdeaPad Slim 5 16"" Touchscreen Laptop Ryzen AI 7 350 16GB 1TB 83HY001KUS",$492.99,$699.99,N/A,N/A
2026-03-17 15:48:02,"MSI Crosshair 18 HX AI A2XWGKG-012US 18"" Gaming Laptop QHD U9-275HX 5070 1TB","$1,299.00","$1,699.00",N/A,N/A
2026-03-17 15:48:02,Acer Chromebook 514 14 NB FHD Intel i3-N305 8GB RAM 512GB SSD Refurbished,$185.99,$598.99,N/A,N/A
2026-03-17 15:48:02,"Acer Nitro V 15.6"" Laptop i5-13420H 16GB RAM 512GB SSD 8GB RTX 5050 Refurbished",$650.99,$898.99,N/A,N/A
2026-03-17 15:48:02,"LG OLED77G5WUA 77"" G5 4K UHD OLED evo Smart TV w/ Wall Mount","$2,299.00",N/A,N/A,N/A
2026-03-17 15:48:02,Samsung HW-B750F 5.1ch Bluetooth Soundbar with Wireless Subwoofer – 2025 Model,$218.00,$427.99,N/A,N/A
2026-03-17 15:48:02,Epson BrightLink 1485Fi FHD 5000Lumen 3LCD Interactive Classroom Laser Projector,"$1,357.00","$3,099.00",N/A,N/A
2026-03-17 15:48:02,Samsung 656W 11.1.4-Ch 656W Dolby Atmos Soundbar System HW-Q990D/ZA,$829.98,"$1,599.99",N/A,N/A
2026-03-17 15:48:02,OM System Olympus OM-1 20MP Stacked Sensor Mirrorless Camera,$875.00,N/A,N/A,N/A
2026-03-17 15:48:02,Canon EOS R50 Mirrorless Camera Black + 3 Lens Kit 18-45mm + 32GB + Flash & More,$749.95,"$1,054.95",N/A,N/A
2026-03-17 15:48:02,Sony a6700 Mirrorless Camera with 16-50mm Lens,"$1,574.95","$2,441.99",N/A,N/A
2026-03-17 15:48:02,GoPro MAX2 True 8K 360 Video Action Camera Bundle - Black CHDFZ-311-TH,$349.99,$569.99,N/A,N/A
2026-03-17 15:48:02,Resident Evil Requiem PlayStation 5 - For PlayStation 5 - Rated M (Mature +17) -,$77.99,N/A,N/A,N/A
2026-03-17 15:48:02,Nintendo Switch OLED 64GB Game Console + 1 Year🛡️ Warranty | 2-Day Shipping📦✈️,$249.95,$399.99,N/A,N/A
2026-03-17 15:48:02,Nintendo Switch Lite Gaming Handheld - Pick Your Color! + Free 1 Year Warranty🛡,$159.99,$229.99,N/A,N/A
2026-03-17 15:48:02,Nintendo Switch OLED 64GB Pokemon Scarlet & Violet ✨ Limited Edition ✨ Console,$341.10,$449.99,N/A,N/A
2026-03-17 15:48:02,Apple iPad Pro 2024 13-inch Wi-Fi + Cellular 256GB - M4 Chip - Black - Excellent,$848.99,N/A,N/A,N/A
2026-03-17 15:48:02,"Apple iPad Air 5 M1 (2022) 10.9"" 64GB 256GB - WiFi or Cellular - Good",$289.99,N/A,N/A,N/A
2026-03-17 15:48:02,Apple iPad Pro 12.9″ (5th Gen 2021) Wi-Fi M1 Excellent Condition 1 Year Warranty,$499.95,N/A,N/A,N/A
2026-03-17 15:48:02,"Apple iPad 7th Gen. 128GB, Wi-Fi, 10.2 in Space Gray Model A2197 IOS 18.7",$134.99,N/A,N/A,N/A
2026-03-17 15:48:02,Apple AirTag Bluetooth GPS Tracker Silver MX532AM/A A2187 For iPhone & iPad,$21.75,$30.00,N/A,N/A
2026-03-17 15:48:02,Apple AirPods Pro 2nd Generation Gen 2 2023 A2968 with Magsafe USB-C Charging,$144.95,$250.00,N/A,N/A
2026-03-17 15:48:02,Apple AirPods Pro 3 Wireless Active Noise Cancelling Earbuds Magsafe MFHP4LL/A,$191.95,N/A,N/A,N/A
2026-03-17 15:48:02,Anker 737 Power Bank 24000mAh 3-Port Portable Charger 140W for iPhone 14/MacBook,$74.99,$159.99,N/A,N/A
2026-03-17 15:48:02,"Seagate Exos ST22000NM000C 22TB CMR 7200RPM SATA6Gb/s 3.5"" Enterprise Hard Drive",$479.99,N/A,N/A,N/A
2026-03-17 15:48:02,"Seagate ST26000NM000C 26TB 256MB 7200RPM 3.5"" SATA 6.0Gb/s Enterprise Hard Drive",$539.99,N/A,N/A,N/A
2026-03-17 15:48:02,"Seagate Exos ST20000NM002C 20TB CMR 7200RPM SATA6Gb/s 3.5"" Enterprise Hard Drive",$459.99,N/A,N/A,N/A
2026-03-17 15:48:02,"Seagate Exos X24 ST24000NM000H 24TB CMR 7200RPM SATA 6.0Gb/s 3.5"" Enterprise HDD",$559.99,N/A,N/A,N/A
2026-03-17 15:48:02,"Soundcore Anker Life Q20 Hybrid Active Noise Cancelling Headphones, Wireless",$22.99,$28.74,N/A,N/A
2026-03-17 15:48:02,Apple AirPods Max USB-C 2nd Generation Midnight MWW43AM/A Bluetooth 2024 Model,$389.99,$549.00,N/A,N/A
2026-03-17 15:48:02,Monster Rockin' Roller 300 Indoor/Outdoor Portable Bluetooth Speaker MNRR300,$149.99,$199.99,N/A,N/A
2026-03-17 15:48:02,"JBL Charge 6 Waterproof Speaker w/Powerbank,Black-Certified Refurbished",$129.00,$199.95,N/A,N/A
2026-03-17 15:48:02,FUJIFILM INSTAX Link Wide Smartphone Printer Ash White,$159.95,N/A,N/A,N/A
2026-03-17 15:48:02,HP - OfficeJet Pro 9125e Wireless AI-Enabled AiO Inkjet Printer w/ 3 Months o...,N/A,$309.89,N/A,N/A
2026-03-17 15:48:02,HP - Smart Tank 6001 Wireless AI-Enabled All-in-One Cartridge-Free Supertank ...,N/A,$369.89,N/A,N/A
2026-03-17 15:48:02,Genuine HP 646A CF032AC Yellow High Yield Toner 12.5K HP LaserJet CM4540 MFP NEW,$19.00,$39.00,N/A,N/A
2026-03-17 15:48:02,"Pioneer DMH-W3000NEX 6.8"" Touchscreen Apple CarPlay Android Auto Receiver",$279.00,$399.99,N/A,N/A
2026-03-17 15:48:02,"Pioneer DMH-WT6000NEX 10.1"" Touchscreen Receiver w/ Wireless CarPlay & Bluetooth",$556.00,$899.99,N/A,N/A
2026-03-17 15:48:02,Garmin Dash Cam Mini 2 Compact In-Vehicle Recording Device 010-02504-00,$99.99,$129.99,N/A,N/A
2026-03-17 15:48:02,Garmin eTrex Solar Outdoor Handheld GPS With Solar Charging 010-02782-00,$139.99,$249.99,N/A,N/A
2026-03-17 15:48:02,Olympus OM System 12-40mm f2.8 M.Zuiko ED PRO II Lens Micro 4/3 MFT,$699.00,N/A,N/A,N/A
2026-03-17 15:48:02,GoPro - Fluid Pro AI - Multi-Device Gimbal Stabilizer with AI Tracking,N/A,$229.99,N/A,N/A
2026-03-17 15:48:02,Nikon NIKKOR Z 50mm f/1.8 S Lens 20083,$420.99,$494.49,N/A,N/A
2026-03-17 15:48:02,Sony FE 24-105mm f/4 G OSS Full Frame Zoom Lens for Sony E-Mount,"$1,244.99","$2,908.00",N/A,N/A
2026-03-17 15:48:02,eufy SoloCam S3 Solar Wireless Security Camera 360°PTZ 3K Dual-Cam Night Vision,$94.99,$199.99,N/A,N/A
2026-03-17 15:48:02,"LG OLED77G5WUA 77"" G5 4K UHD OLED evo Smart TV w/ Wall Mount","$2,299.00",N/A,N/A,N/A
2026-03-17 15:48:02,Solar Battery Powered Security Camera WiFi6 Wireless Sys PTZ 3MP Outdoor 4PACK,$109.99,$119.99,N/A,N/A
2026-03-17 15:48:02,Samsung HW-B750F 5.1ch Bluetooth Soundbar with Wireless Subwoofer – 2025 Model,$218.00,$427.99,N/A,N/A
2026-03-17 15:48:02,Apple Pencil (USB-C) - White Stylus MUWA3AM/A with Pixel-Perfect Precision,$51.82,$56.95,N/A,N/A
2026-03-17 15:48:02,Anker PowerConf C200 2K Webcam w/ AI-Noise Canceling Mic Built-In Privacy Cover,$43.14,$59.99,N/A,N/A
2026-03-17 15:48:02,Kanto YU2 Powered Desktop Computer Speakers - Matte White - Pair,$216.00,$299.99,N/A,N/A
2026-03-17 15:48:02,Spigen [Ultra Hybrid Pro] Case | for iPad Mini 6/7 (2024/2021),$29.99,N/A,N/A,N/A
2026-03-17 15:48:02,Apple AirTag Bluetooth GPS Tracker Silver MX532AM/A A2187 For iPhone & iPad,$21.75,$30.00,N/A,N/A
2026-03-17 15:48:02,Apple AirPods Pro 2nd Generation Gen 2 2023 A2968 with Magsafe USB-C Charging,$144.95,$250.00,N/A,N/A
2026-03-17 15:48:02,Apple iPhone 14 128/256/512GB Unlocked Good All Colors,$251.86,N/A,N/A,N/A
2026-03-17 15:48:02,Apple Watch Ultra 2 2nd Generation GPS & Cellular 49mm - Titanium - Excellent,$396.99,N/A,N/A,N/A
2026-03-17 15:48:02,"NETGEAR Nighthawk CM3000 DOCSIS 3.1 Mid/high-Split Cable Modem,Black-Refurbished",$169.99,$299.99,N/A,N/A
2026-03-17 15:48:02,PNY NVIDIA GeForce RTX™ 5070 12GB OC Triple Fan Graphics Card,$580.00,N/A,N/A,N/A
2026-03-17 15:48:02,MSI GeForce RTX 4060 8GB GDDR6 VENTUS 2X BLACK OC VIDEO CARD,$239.00,$499.00,N/A,N/A
2026-03-17 15:48:02,"MSI G274QPF 27"" WQHD Flat Rapid IPS Gaming Monitor, 170Hz/1ms HDR400",$119.99,$219.99,N/A,N/A
2026-03-17 19:10:01,Apple iPhone 16 Pro Max 256GB Unlocked Very Good Condition,$834.08,N/A,N/A,N/A
2026-03-17 19:10:01,eufy SoloCam S3 Solar Wireless Security Camera 360°PTZ 3K Dual-Cam Night Vision,$94.99,$199.99,N/A,N/A
2026-03-17 19:10:01,"Bose Solo Soundbar 2 Home Theater, Certified Refurbished",$93.00,$199.00,N/A,N/A
2026-03-17 19:10:01,eufy SoloCam S340 Outdoor Solar Security Camera 3K Dual-Camera Pan&Tilt 8xZoom,$105.00,$199.99,N/A,N/A
2026-03-17 19:10:01,"Garmin dezl OTR720 Touchscreen 7"" Trucking GPS Navigator 010-02924-00",$319.99,$449.99,N/A,N/A
2026-03-17 19:10:01,Soundcore Motion X600 Portable Speaker Hi-Res Spatial Audio Waterproof50W|Refurb,$105.99,$199.99,N/A,N/A
2026-03-17 19:10:01,Soundcore Liberty 4 NC Wireless Earbuds 98.5% Noise Reduction Adaptive ANC 2.0,$44.99,$99.99,N/A,N/A
2026-03-17 19:10:01,JBL Endurance Peak 3 In Ear Wireless Dust and Water Proof Headphones - Black,$56.45,$100.00,N/A,N/A
2026-03-17 19:10:01,Soundcore P30i Wireless Earbuds Smart Noise Cancelling Headphones 2-in-1 Case,$21.99,$49.99,N/A,N/A
2026-03-17 19:10:01,"Soundcore Motion X600 Portable Bluetooth Speaker Wireless Hi-Res Waterproof ,50W",$105.99,$199.99,N/A,N/A
2026-03-17 19:10:01,Epson BrightLink 1485Fi FHD 5000Lumen 3LCD Interactive Classroom Laser Projector,"$1,357.00","$3,099.00",N/A,N/A
2026-03-17 19:10:01,"Samsung QN43LS03FA The Frame 43"" QLED 4K UHD HDR Smart TV – 2025 Model",$525.00,$697.99,N/A,N/A
2026-03-17 19:10:01,eufy SoloCam S220 Wireless Home Security System 2K Outdoor Cameras Solar Powered,$162.00,$379.99,N/A,N/A
2026-03-17 19:10:01,eufy eufyCam 3 Wireless Solar Camera System 4K Outdoor Cam 4pcs Security Cameras,$332.99,$699.99,N/A,N/A
2026-03-17 19:10:01,Samsung Galaxy Buds 3 Pro AI Wireless Active Noise Cancelling Earbuds - Silver,$106.95,$150.00,N/A,N/A
2026-03-17 19:10:01,Apple AirPods Pro 2nd Generation Gen 2 2023 A2968 with Magsafe USB-C Charging,$144.95,$250.00,N/A,N/A
2026-03-17 19:10:01,"eufy Security eufyCam S3 Pro Add-on Camera with Solar Panel, Outdoor Wireless 4K",$152.00,$169.99,N/A,N/A
2026-03-17 19:10:01,"Pioneer DMH-W3000NEX 6.8"" Touchscreen Apple CarPlay Android Auto Receiver",$279.00,$399.99,N/A,N/A
2026-03-17 19:10:01,LG 55 inch OLED evo G5 4K UHD Smart TV + Wall Mount – 2025 Model – OLED55G5WUA,"$1,309.00","$1,796.99",N/A,N/A
2026-03-17 19:10:01,JBL Boombox 3 Portable Waterproof Bluetooth Speaker - Black,$282.00,$499.95,N/A,N/A
2026-03-17 19:10:01,Anker Soundcore 2 Wireless Bluetooth Speaker Bass Dual-Driver IPX7 12W|Refurbish,$22.99,$44.99,N/A,N/A
2026-03-17 19:10:01,Soundcore Liberty 4 Pro Wireless Earbuds Noise Cancelling 7-Sensor ANC|Refurbish,$71.99,$129.99,N/A,N/A
2026-03-17 19:10:01,Soundcore V20i Open-Ear Headphones Bassup Bluetooth5.4 Earbuds for Sport Fitness,$20.69,$39.99,N/A,N/A
2026-03-17 19:10:01,Apple AirPods Pro 3 (3rd Gen) Magsafe USB-C Charging Case Replacement A3122,$60.90,$250.00,N/A,N/A
2026-03-17 19:10:01,"JBL JBLPBOTGESAM-Z PARTYBOX ON-THE-GO ESSENTIAL, Black - Certified Refurbished",$227.99,$349.95,N/A,N/A
2026-03-17 19:10:01,"Apple MacBook Pro (16-inch, M1 Pro, 2021) 16GB RAM -512GB SSD - Good",$679.00,N/A,N/A,N/A
2026-03-17 19:10:01,Soundcore Space One Wireless Headphones 40H ANC Playtime 2XStronger Voice Reduct,$59.99,$99.99,N/A,N/A
2026-03-17 19:10:01,eufy SoloCam E30 2-Cam Kit 2K Solar Camera Outdoor Wireless 360° Pan AI Tracking,$181.00,$229.99,N/A,N/A
2026-03-17 19:10:01,Anker PowerConf S3 Bluetooth Speakerphone Conference Speaker for Meeting |Refurb,$53.99,$99.99,N/A,N/A
2026-03-17 19:10:01,eufy SoloCamE30 2K Wireless Outdoor Solar Cameras 360° Pan AI Tracking 2 Pack,$162.00,$199.99,N/A,N/A
2026-03-17 19:10:01,"Pioneer DMH-WT6000NEX 10.1"" Touchscreen Receiver w/ Wireless CarPlay & Bluetooth",$556.00,$899.99,N/A,N/A
2026-03-17 19:10:01,"MSI G274QPF 27"" WQHD Flat Rapid IPS Gaming Monitor, 170Hz/1ms HDR400",$119.99,$219.99,N/A,N/A
2026-03-17 19:10:01,"Bose QuietComfort Ultra Noise Cancelling Headphones, Certified Refurbished",$215.00,$229.00,N/A,N/A
2026-03-17 19:10:01,Samsung Galaxy S22 Ultra 128GB S908U Unlocked - Good,$261.99,N/A,N/A,N/A
2026-03-17 19:10:01,eufy 2K Smart Security Camera Indoor Cam Mini WiFi Baby Monitor Pan&Tilt⁣|Refurb,$28.49,$59.99,N/A,N/A
2026-03-17 19:10:01,JBL PartyBox Stage 320 Illuminated LED Wireless Bluetooth Speaker - Black,$422.00,$549.95,N/A,N/A
2026-03-17 19:10:01,"Acer Aspire 3 A315-24PT-R288 15.6"" Laptop Full HD AMD 16GB RAM 1TB SSD",$316.19,$629.99,N/A,N/A
2026-03-17 19:10:01,Google Pixel Buds Pro - Noise Canceling Earbuds Headphones - New,$99.99,N/A,N/A,N/A
2026-03-17 19:10:01,"Apple iPad Air 4 (2020) 10.9"" 64GB 256GB All Colors WiFi or Cellular - Very Good",$274.99,$879.00,N/A,N/A
2026-03-17 19:10:01,"Samsung 77"" Class OLED 4K S90F Samsung Vision AI Smart TV (2025)","$1,405.00","$1,997.99",N/A,N/A
2026-03-17 19:10:01,Apple Pencil (USB-C) - White Stylus MUWA3AM/A with Pixel-Perfect Precision,$51.82,$56.95,N/A,N/A
2026-03-17 19:10:01,"Apple 11"" iPad Pro M4 Chip 256GB Wi-Fi Only Space Black MVV83LL/A",$770.99,"$1,099.99",N/A,N/A
2026-03-17 19:10:01,"NEBULA Mars 3 Outdoor Portable Projector 1080P Autofocus 200"" Home Cinema|Refurb",$543.99,"$1,049.99",N/A,N/A
2026-03-17 19:10:01,Apple iPhone 14 128/256/512GB Unlocked Good All Colors,$251.86,N/A,N/A,N/A
2026-03-17 19:10:01,Samsung Galaxy S23 Ultra 256GB S918U Unlocked - Good,$368.99,N/A,N/A,N/A
2026-03-17 19:10:01,Google Pixel 7a | 7 | 7 Pro - 128GB 256GB 512GB - Unlocked - Smartphone,$189.95,N/A,N/A,N/A
2026-03-17 19:10:01,Samsung Galaxy S21 S991U 5G SM- G991U1 - 128GB - FACTORY UNLOCKED - EXCELLENT,$139.48,N/A,N/A,N/A
2026-03-17 19:10:01,"Acer Aspire AI 14"" Touch Laptop Intel Core Ultra 5 16GB RAM 1TB SSD Refurbished",$371.99,$579.99,N/A,N/A
2026-03-17 19:10:01,"Apple MacBook Pro 14"" 2021 M1 Pro Space Gray 16 GB 512GB SSD A2442",$655.00,$879.80,N/A,N/A
2026-03-17 19:10:01,"Lenovo IdeaPad Slim 5 16"" Touchscreen Laptop Ryzen AI 7 350 16GB 1TB 83HY001KUS",$492.99,$699.99,N/A,N/A
2026-03-17 19:10:01,"MSI Crosshair 18 HX AI A2XWGKG-012US 18"" Gaming Laptop QHD U9-275HX 5070 1TB","$1,299.00","$1,699.00",N/A,N/A
2026-03-17 19:10:01,"Bose Solo Soundbar 2 Home Theater, Certified Refurbished",$93.00,$199.00,N/A,N/A
2026-03-17 19:10:01,"LG OLED77G5WUA 77"" G5 4K UHD OLED evo Smart TV w/ Wall Mount","$2,299.00",N/A,N/A,N/A
2026-03-17 19:10:01,Samsung HW-B750F 5.1ch Bluetooth Soundbar with Wireless Subwoofer – 2025 Model,$218.00,$427.99,N/A,N/A
2026-03-17 19:10:01,Epson BrightLink 1485Fi FHD 5000Lumen 3LCD Interactive Classroom Laser Projector,"$1,357.00","$3,099.00",N/A,N/A
2026-03-17 19:10:01,OM System Olympus OM-1 20MP Stacked Sensor Mirrorless Camera,$875.00,N/A,N/A,N/A
2026-03-17 19:10:01,Canon EOS R50 Mirrorless Camera Black + 3 Lens Kit 18-45mm + 32GB + Flash & More,$749.95,"$1,054.95",N/A,N/A
2026-03-17 19:10:01,Sony a6700 Mirrorless Camera with 16-50mm Lens,"$1,574.95","$2,441.99",N/A,N/A
2026-03-17 19:10:01,GoPro MAX2 True 8K 360 Video Action Camera Bundle - Black CHDFZ-311-TH,$349.99,$569.99,N/A,N/A
2026-03-17 19:10:01,Resident Evil Requiem PlayStation 5 - For PlayStation 5 - Rated M (Mature +17) -,$77.99,N/A,N/A,N/A
2026-03-17 19:10:01,Nintendo Switch OLED 64GB Game Console + 1 Year🛡️ Warranty | 2-Day Shipping📦✈️,$249.95,$399.99,N/A,N/A
2026-03-17 19:10:01,Nintendo Switch Lite Gaming Handheld - Pick Your Color! + Free 1 Year Warranty🛡,$159.99,$229.99,N/A,N/A
2026-03-17 19:10:01,Nintendo Switch OLED 64GB Pokemon Scarlet & Violet ✨ Limited Edition ✨ Console,$341.10,$449.99,N/A,N/A
2026-03-17 19:10:01,Apple iPad Pro 2024 13-inch Wi-Fi + Cellular 256GB - M4 Chip - Black - Excellent,$848.99,N/A,N/A,N/A
2026-03-17 19:10:01,"Apple iPad Air 5 M1 (2022) 10.9"" 64GB 256GB - WiFi or Cellular - Good",$289.99,N/A,N/A,N/A
2026-03-17 19:10:01,Apple iPad Pro 12.9″ (5th Gen 2021) Wi-Fi M1 Excellent Condition 1 Year Warranty,$499.95,N/A,N/A,N/A
2026-03-17 19:10:01,"Apple iPad 7th Gen. 128GB, Wi-Fi, 10.2 in Space Gray Model A2197 IOS 18.7",$134.99,N/A,N/A,N/A
2026-03-17 19:10:01,Apple AirTag Bluetooth GPS Tracker Silver MX532AM/A A2187 For iPhone & iPad,$21.75,$30.00,N/A,N/A
2026-03-17 19:10:01,Apple AirPods Pro 2nd Generation Gen 2 2023 A2968 with Magsafe USB-C Charging,$144.95,$250.00,N/A,N/A
2026-03-17 19:10:01,Apple AirPods Pro 3 Wireless Active Noise Cancelling Earbuds Magsafe MFHP4LL/A,$189.95,N/A,N/A,N/A
2026-03-17 19:10:01,Anker 737 Power Bank 24000mAh 3-Port Portable Charger 140W for iPhone 14/MacBook,$74.99,$159.99,N/A,N/A
2026-03-17 19:10:01,"Seagate Exos ST22000NM000C 22TB CMR 7200RPM SATA6Gb/s 3.5"" Enterprise Hard Drive",$479.99,N/A,N/A,N/A
2026-03-17 19:10:01,"Seagate Exos ST20000NM002C 20TB CMR 7200RPM SATA6Gb/s 3.5"" Enterprise Hard Drive",$459.99,N/A,N/A,N/A
2026-03-17 19:10:01,"Seagate Exos X24 ST24000NM000H 24TB CMR 7200RPM SATA 6.0Gb/s 3.5"" Enterprise HDD",$559.99,N/A,N/A,N/A
2026-03-17 19:10:01,"WD Ultrastar HA570 20TB SATA 6G 3.5"" 7200RPM Enterprise HDD - WD200EDGZ",$479.99,N/A,N/A,N/A
2026-03-17 19:10:01,"Bose QuietComfort Noise Cancelling Headphones, Certified Refurbished",$187.00,$199.00,N/A,N/A
2026-03-17 19:10:01,Soundcore Motion X600 Portable Speaker Hi-Res Spatial Audio Waterproof50W|Refurb,$105.99,$199.99,N/A,N/A
2026-03-17 19:10:01,"Soundcore Anker Life Q20 Hybrid Active Noise Cancelling Headphones, Wireless",$22.99,$28.74,N/A,N/A
2026-03-17 19:10:01,Apple AirPods Max USB-C 2nd Generation Midnight MWW43AM/A Bluetooth 2024 Model,$389.99,$549.00,N/A,N/A
2026-03-17 19:10:01,FUJIFILM INSTAX Link Wide Smartphone Printer Ash White,$159.95,N/A,N/A,N/A
2026-03-17 19:10:01,HP - OfficeJet Pro 9125e Wireless AI-Enabled AiO Inkjet Printer w/ 3 Months o...,N/A,$309.89,N/A,N/A
2026-03-17 19:10:01,HP - Smart Tank 6001 Wireless AI-Enabled All-in-One Cartridge-Free Supertank ...,N/A,$369.89,N/A,N/A
2026-03-17 19:10:01,Genuine HP 646A CF032AC Yellow High Yield Toner 12.5K HP LaserJet CM4540 MFP NEW,$19.00,$39.00,N/A,N/A
2026-03-17 19:10:01,"Garmin dezl OTR720 Touchscreen 7"" Trucking GPS Navigator 010-02924-00",$319.99,$449.99,N/A,N/A
2026-03-17 19:10:01,"Pioneer DMH-W3000NEX 6.8"" Touchscreen Apple CarPlay Android Auto Receiver",$279.00,$399.99,N/A,N/A
2026-03-17 19:10:01,"Pioneer DMH-WT6000NEX 10.1"" Touchscreen Receiver w/ Wireless CarPlay & Bluetooth",$556.00,$899.99,N/A,N/A
2026-03-17 19:10:01,Garmin Dash Cam Mini 2 Compact In-Vehicle Recording Device 010-02504-00,$99.99,$129.99,N/A,N/A
2026-03-17 19:10:01,Olympus OM System 12-40mm f2.8 M.Zuiko ED PRO II Lens Micro 4/3 MFT,$699.00,N/A,N/A,N/A
2026-03-17 19:10:01,GoPro - Fluid Pro AI - Multi-Device Gimbal Stabilizer with AI Tracking,N/A,$229.99,N/A,N/A
2026-03-17 19:10:01,Nikon NIKKOR Z 50mm f/1.8 S Lens 20083,$420.99,$494.49,N/A,N/A
2026-03-17 19:10:01,Sony FE 24-105mm f/4 G OSS Full Frame Zoom Lens for Sony E-Mount,"$1,244.99","$2,908.00",N/A,N/A
2026-03-17 19:10:01,"Bose QuietComfort Noise Cancelling Headphones, Certified Refurbished",$187.00,$199.00,N/A,N/A
2026-03-17 19:10:01,"Bose Solo Soundbar 2 Home Theater, Certified Refurbished",$93.00,$199.00,N/A,N/A
2026-03-17 19:10:01,"Garmin dezl OTR720 Touchscreen 7"" Trucking GPS Navigator 010-02924-00",$319.99,$449.99,N/A,N/A
2026-03-17 19:10:01,Soundcore Motion X600 Portable Speaker Hi-Res Spatial Audio Waterproof50W|Refurb,$105.99,$199.99,N/A,N/A
2026-03-17 19:10:01,Anker PowerConf C200 2K Webcam w/ AI-Noise Canceling Mic Built-In Privacy Cover,$43.14,$59.99,N/A,N/A
2026-03-17 19:10:01,Kanto YU2 Powered Desktop Computer Speakers - Matte White - Pair,$216.00,$299.99,N/A,N/A
2026-03-17 19:10:01,Spigen [Ultra Hybrid Pro] Case | for iPad Mini 6/7 (2024/2021),$29.99,N/A,N/A,N/A
2026-03-17 19:10:01,Logitech StreamCam Plus Webcam - 960-001280 - Black,$69.99,$169.99,N/A,N/A
2026-03-17 19:10:01,Apple AirTag Bluetooth GPS Tracker Silver MX532AM/A A2187 For iPhone & iPad,$21.75,$30.00,N/A,N/A
2026-03-17 19:10:01,Apple AirPods Pro 2nd Generation Gen 2 2023 A2968 with Magsafe USB-C Charging,$144.95,$250.00,N/A,N/A
2026-03-17 19:10:01,Apple iPhone 14 128/256/512GB Unlocked Good All Colors,$251.86,N/A,N/A,N/A
2026-03-17 19:10:01,Apple Watch Ultra 2 2nd Generation GPS & Cellular 49mm - Titanium - Excellent,$396.99,N/A,N/A,N/A
2026-03-17 19:10:01,Acer AOPEN 32SA2Q Abi 31.5 FHD IPS 75Hz 1ms Widescreen Ultra Thin Monitor,$129.99,$149.99,N/A,N/A
2026-03-17 19:10:01,"NETGEAR Nighthawk CM3000 DOCSIS 3.1 Mid/high-Split Cable Modem,Black-Refurbished",$169.99,$299.99,N/A,N/A
2026-03-17 19:10:01,PNY NVIDIA GeForce RTX™ 5070 12GB OC Triple Fan Graphics Card,$580.00,N/A,N/A,N/A
2026-03-17 19:10:01,MSI GeForce RTX 4060 8GB GDDR6 VENTUS 2X BLACK OC VIDEO CARD,$239.00,$499.00,N/A,N/A
